Domain,Status,Attractiveness,Demand,Length,Sectors,Created,Expires,Registrar
brief.singles,available,124,19%,5,"Business,Education,General,Law",,,
complete.singles,available,120,21%,8,"Manufacturing,Retail,Technology",,,
second.singles,available,120,23%,6,"General,Mathematics",,,
wizard.singles,available,118,42%,6,"Entertainment,Media,Technology",,,
tenth.singles,available,116,7%,5,Mathematics,,,
flat.singles,available,116,24%,4,"Construction,Real Estate",,,
equal.singles,available,116,19%,5,"Education,General,Law",,,
tonic.singles,available,114,22%,5,"Health and Fitness,Medicine,Science",,,
above.singles,available,112,22%,5,Business,,,
hotshot.singles,available,112,14%,7,"Business,Entertainment,Sports",,,
zero.singles,available,112,49%,4,Mathematics,,,
acute.singles,available,112,9%,5,"Mathematics,Medicine,Science",,,
abstract.singles,available,108,29%,8,"Arts,Humanities,Science",,,
abiding.singles,available,106,5%,7,"General,Religion",,,
active.singles,resell,104,27%,6,"Health and Fitness,Sports,Travel",21/10/2024 18:57,21/10/2025 18:57,"Sav.com, LLC"
teen.singles,resell,104,14%,4,"Education,Entertainment,Healthcare",15/08/2025 14:05,15/08/2026 14:05,Dynadot Inc
expert.singles,available,104,26%,6,"Business,Education,Technology",,,
captive.singles,available,102,14%,7,"Entertainment,Hospitality,Technology",,,
eight.singles,available,102,23%,5,"General,Mathematics",,,
absent.singles,available,102,8%,6,"Business,Education,Technology",,,
eighth.singles,available,100,6%,6,Mathematics,,,
abrupt.singles,available,100,3%,6,"Medicine,Science",,,
sixth.singles,available,100,8%,5,Mathematics,,,
crack.singles,available,100,20%,5,Sports,,,
whiz.singles,available,100,12%,4,"Business,Education,Technology",,,
remove.singles,available,100,13%,6,"Construction,Manufacturing,Technology",,,
third.singles,available,100,16%,5,Mathematics,,,
adjunct.singles,available,100,5%,7,Education,,,
ninth.singles,available,100,9%,5,Mathematics,,,
whizz.singles,available,98,11%,5,"Business,Education,Technology",,,
academic.singles,resell,96,20%,8,"Education,Humanities,Science",17/08/2023 12:05,17/08/2026 12:05,"Spaceship, Inc."
alamode.singles,available,96,12%,9,Fashion,,,
doable.singles,available,96,9%,6,"Business,Education,Technology",,,
forgiving.singles,available,96,3%,9,"Healthcare,Religion",,,
abject.singles,available,94,7%,6,Humanities,,,
virtuoso.singles,available,94,16%,8,"Arts,Entertainment",,,
adequate.singles,available,94,9%,8,"Education,Healthcare,Technology",,,
around.singles,available,94,22%,6,"Business,General,Media,Technology",,,
next.singles,available,92,43%,4,"Retail,Technology,Transportation",,,
exemplary.singles,available,92,5%,9,"Business,Education,Healthcare",,,
adjective.singles,available,92,5%,9,Education,,,
twentieth.singles,available,92,3%,9,Mathematics,,,
neutral.singles,available,92,20%,7,"Business,Media,Politics",,,
adept.singles,available,92,24%,5,"Education,Health and Fitness,Sports",,,
derelict.singles,available,92,7%,8,"Construction,Real Estate",,,
nought.singles,available,92,4%,6,Mathematics,,,
abroad.singles,resell,92,12%,6,"Hospitality,Travel",05/02/2014 20:43,05/02/2026 20:43,united-domains GmbH
addictive.singles,available,90,9%,9,Healthcare,,,
riveting.singles,available,90,6%,8,"Entertainment,Media,Technology",,,
endearing.singles,available,90,1%,9,"Entertainment,Fashion,Retail",,,
additional.singles,available,90,8%,10,"Fashion,Retail,Technology",,,
leash.singles,available,90,7%,5,"General,Health and Fitness,Retail",,,
adoring.singles,available,90,2%,7,"Entertainment,Fashion,Retail",,,
gripping.singles,available,90,3%,8,"Entertainment,Media,Technology",,,
abortive.singles,available,90,1%,8,"Medicine,Science",,,
ace.singles,available,88,34%,3,Sports,,,
fifteen.singles,available,88,13%,7,Mathematics,,,
sixteen.singles,available,88,11%,7,Mathematics,,,
ten.singles,available,88,28%,3,"General,Mathematics",,,
wide.singles,available,88,18%,4,"Business,Media,Technology",,,
activist.singles,available,88,12%,8,"Humanities,Politics",,,
hundred.singles,available,88,14%,7,Mathematics,,,
proficient.singles,available,88,8%,10,"Education,Health and Fitness,Sports",,,
actionable.singles,available,88,13%,10,"Business,Law",,,
eleven.singles,available,88,33%,6,Mathematics,,,
twelve.singles,available,88,18%,6,"General,Mathematics",,,
adlib.singles,available,88,7%,6,Entertainment,,,
xiv.singles,available,86,12%,3,Mathematics,,,
xix.singles,available,86,11%,3,Mathematics,,,
adolescent.singles,available,86,3%,10,"Education,Entertainment,Healthcare",,,
recondite.singles,available,86,4%,9,"Arts,Humanities,Science",,,
intent.singles,available,86,25%,6,"Business,Education,Technology",,,
engrossing.singles,available,86,0%,10,"Entertainment,Media,Technology",,,
star.singles,resell,86,40%,4,"Entertainment,Media,Sports",15/12/2021 13:15,15/12/2025 13:15,Porkbun LLC
aboriginal.singles,available,86,10%,10,Humanities,,,
attendant.singles,available,86,5%,9,"Healthcare,Hospitality,Transportation",,,
cipher.singles,available,86,29%,6,Mathematics,,,
extempore.singles,available,86,3%,9,Entertainment,,,
acting.singles,available,84,12%,6,Entertainment,,,
deviate.singles,available,84,12%,7,"Medicine,Science",,,
thirteen.singles,available,84,10%,8,Mathematics,,,
twentyone.singles,available,84,13%,10,Mathematics,,,
twentytwo.singles,available,84,11%,10,Mathematics,,,
nineteen.singles,available,84,8%,8,Mathematics,,,
fourteen.singles,available,84,8%,8,Mathematics,,,
accessory.singles,available,84,8%,9,"Fashion,Retail,Technology",,,
grand.singles,available,84,25%,5,"Finance,General",,,
seventeen.singles,available,84,7%,9,Mathematics,,,
thousand.singles,available,84,8%,8,Mathematics,,,
adjustable.singles,available,84,3%,10,"Manufacturing,Retail,Technology",,,
cleansing.singles,available,82,3%,9,Health and Fitness,,,
abkhaz.singles,available,82,1%,6,Geography,,,
altered.singles,available,82,9%,7,"Medicine,Science",,,
decade.singles,available,82,10%,6,Mathematics,,,
impromptu.singles,available,82,16%,9,Entertainment,,,
abroach.singles,available,82,1%,7,Food and Beverage,,,
good.singles,expired,82,47%,4,"Food and Beverage,General,Health and Fitness,Retail",17/06/2023 15:15,17/06/2025 15:15,"Sav.com, LLC - 48"
abdominal.singles,available,82,1%,9,"Health and Fitness,Medicine",,,
dozen.singles,available,82,10%,5,Mathematics,,,
abenaki.singles,available,82,2%,7,Geography,,,
enduring.singles,available,82,9%,8,"Health and Fitness,Religion",,,
fivesome.singles,available,82,1%,8,Sports,,,
absorbent.singles,available,82,3%,9,"Healthcare,Manufacturing,Retail",,,
wiz.singles,available,80,30%,3,"Business,Education,Technology",,,
twenty.singles,available,80,12%,6,Mathematics,,,
able.singles,available,80,29%,4,"Business,Education,General,Technology",,,
sequent.singles,available,80,7%,7,"Healthcare,Insurance,Transportation",,,
capable.singles,available,80,12%,7,"Business,Education,Technology",,,
worshipful.singles,available,80,1%,10,"Education,Healthcare,Religion",,,
superstar.singles,available,80,18%,9,Entertainment,,,
first.singles,available,80,36%,5,"General,Mathematics",,,
nine.singles,available,80,24%,4,"General,Mathematics",,,
absolute.singles,available,80,25%,8,"Engineering,Mathematics,Science",,,
adoptable.singles,available,80,3%,9,"Education,Healthcare",,,
trio.singles,available,80,21%,4,Entertainment,,,
two.singles,available,80,24%,3,Mathematics,,,
absorbable.singles,available,80,0%,10,"Healthcare,Pharmaceuticals,Science",,,
dorsal.singles,available,80,6%,6,"Medicine,Science",,,
yard.singles,available,80,26%,4,"Construction,General",,,
absurd.singles,available,80,16%,6,"Arts,Entertainment,Media",,,
forty.singles,available,80,9%,5,Mathematics,,,
abundant.singles,available,80,19%,8,"Agriculture,Manufacturing,Retail",,,
seventh.singles,available,80,10%,7,Mathematics,,,
some.singles,available,80,32%,4,"Business,Media,Retail",,,
honestly.singles,available,78,9%,8,"Business,Law",,,
accurate.singles,available,78,16%,8,"Engineering,Mathematics,Science",,,
acceptable.singles,available,78,5%,10,"Business,Hospitality,Retail",,,
acceptant.singles,available,78,1%,9,"Education,Healthcare",,,
adorable.singles,available,78,8%,8,"Entertainment,Fashion,Retail",,,
abkhazian.singles,available,78,1%,9,Geography,,,
absorptive.singles,available,78,1%,10,"Healthcare,Manufacturing,Retail",,,
dormant.singles,available,78,4%,7,"Medicine,Science",,,
accidental.singles,available,78,11%,10,"Healthcare,Insurance,Transportation",,,
abounding.singles,available,78,2%,9,Agriculture,,,
accepted.singles,available,78,6%,8,"Business,Education,Technology",,,
twentysix.singles,available,78,8%,10,Mathematics,,,
adjacent.singles,available,78,9%,8,"Construction,Real Estate,Retail",,,
recognised.singles,available,78,3%,10,"Business,Education,Technology",,,
sixtynine.singles,available,78,8%,10,Mathematics,,,
low.singles,available,78,20%,3,"Business,Finance",,,
adrenal.singles,available,78,4%,7,"Education,Healthcare,Science",,,
accessible.singles,available,78,21%,10,"Healthcare,Retail,Technology",,,
abkhasian.singles,available,78,1%,9,Geography,,,
recognized.singles,available,78,3%,10,"Business,Education,Technology",,,
resultant.singles,available,76,2%,9,"Healthcare,Insurance,Transportation",,,
acoustic.singles,available,76,14%,8,Science,,,
adipose.singles,available,76,2%,7,"Healthcare,Science",,,
ague.singles,available,76,2%,4,"Geography,Medicine,Science",,,
adherent.singles,available,76,4%,8,"Politics,Religion",,,
eighteen.singles,available,76,7%,8,Mathematics,,,
adaptable.singles,available,76,9%,9,"Business,Education,Technology",,,
fourteenth.singles,available,76,1%,10,Mathematics,,,
adaptive.singles,available,76,28%,8,"Business,Education,Technology",,,
ancillary.singles,available,76,6%,9,"Healthcare,Manufacturing,Technology",,,
thirteenth.singles,available,76,4%,10,Mathematics,,,
obscene.singles,available,76,5%,7,"Entertainment,Media",,,
fifteenth.singles,available,76,2%,9,Mathematics,,,
ventral.singles,available,76,3%,7,Science,,,
improvise.singles,available,76,4%,9,Entertainment,,,
nineteenth.singles,available,76,3%,10,Mathematics,,,
adhesive.singles,available,76,7%,8,"Construction,Manufacturing,Technology",,,
auxiliary.singles,available,76,7%,9,"Healthcare,Manufacturing,Technology",,,
addable.singles,available,76,2%,7,"Engineering,Mathematics,Science",,,
energizing.singles,available,76,3%,10,"Food and Beverage,Health and Fitness,Travel",,,
hundredth.singles,available,76,1%,9,Mathematics,,,
diamond.singles,resell,76,32%,7,Fashion,12/05/2025 15:15,12/05/2026 15:15,"Sav.com, LLC - 32"
incidental.singles,available,76,4%,10,"Healthcare,Insurance,Transportation",,,
threed.singles,available,76,7%,7,Technology,,,
abrasive.singles,available,76,6%,8,"Construction,Manufacturing",,,
thousandth.singles,available,76,1%,10,Mathematics,,,
firstrate.singles,available,76,6%,10,Business,,,
adapted.singles,available,74,6%,7,"Healthcare,Manufacturing,Technology",,,
skilful.singles,available,74,3%,7,"Education,Health and Fitness,Sports",,,
cleared.singles,available,74,7%,7,"Healthcare,Law,Transportation",,,
activated.singles,available,74,9%,9,"Healthcare,Manufacturing,Technology",,,
achievable.singles,available,74,4%,10,"Business,Education,Technology",,,
admirable.singles,available,74,5%,9,"Business,Education,Healthcare",,,
mavin.singles,available,74,7%,5,"Entertainment,Fashion,Technology",,,
supra.singles,available,74,25%,5,"Medicine,Science",,,
abnormal.singles,available,74,16%,8,"Medicine,Science",,,
accepting.singles,available,74,3%,9,"Education,Healthcare",,,
adrenergic.singles,available,74,1%,10,"Education,Healthcare,Science",,,
adenoid.singles,available,74,1%,7,"Health and Fitness,Medicine,Science",,,
sensation.singles,available,74,7%,9,"Entertainment,Media,Sports",,,
realizable.singles,available,74,1%,10,"Business,Education,Technology",,,
adamant.singles,available,74,14%,7,Religion,,,
broad.singles,available,74,13%,5,"Entertainment,General,Media",,,
acuate.singles,available,74,2%,6,"Engineering,Medicine,Science",,,
single.singles,available,74,19%,6,Sports,,,
manageable.singles,available,74,4%,10,"Business,Education,Technology",,,
playing.singles,available,74,12%,7,Entertainment,,,
aberrant.singles,available,74,6%,8,"Medicine,Science",,,
liv.singles,available,72,27%,3,Mathematics,,,
ternary.singles,available,72,7%,7,Mathematics,,,
champion.singles,available,72,28%,8,"Entertainment,Health and Fitness,Sports",,,
absolutist.singles,available,72,1%,10,"Humanities,Law,Politics",,,
adonic.singles,available,72,2%,6,"Arts,Education,Entertainment",,,
aching.singles,available,72,4%,6,Healthcare,,,
abreast.singles,available,72,2%,7,"Business,Technology",,,
accustomed.singles,available,72,1%,10,"Business,Education,Humanities",,,
adjectival.singles,available,72,1%,10,Education,,,
accusative.singles,available,72,0%,10,"Humanities,Law",,,
engrossed.singles,available,72,1%,9,"Entertainment,Media,Technology",,,
lovely.singles,expired,72,26%,6,"Entertainment,Fashion,Retail",27/06/2019 08:30,27/06/2025 08:30,"NameCheap, Inc."
adaptative.singles,available,72,1%,10,"Business,Education,Technology",,,
deep.singles,available,72,41%,4,"Engineering,Mathematics,Science",,,
ablaze.singles,available,72,6%,6,Entertainment,,,
trey.singles,available,72,14%,4,Sports,,,
improvize.singles,available,72,1%,9,Entertainment,,,
sixtieth.singles,available,72,1%,8,Mathematics,,,
absorbed.singles,available,72,2%,8,"Entertainment,Media,Technology",,,
abloom.singles,available,72,5%,6,Agriculture,,,
trinity.singles,available,72,18%,7,Religion,,,
ninetieth.singles,available,72,1%,9,Mathematics,,,
addicted.singles,available,72,9%,8,Healthcare,,,
adiabatic.singles,available,72,3%,9,"Engineering,Science",,,
adjunctive.singles,available,72,1%,10,"Healthcare,Manufacturing,Technology",,,
seventieth.singles,available,72,1%,10,Mathematics,,,
existent.singles,available,72,3%,8,"Mathematics,Science",,,
eightieth.singles,available,72,1%,9,Mathematics,,,
admired.singles,available,70,5%,7,"Business,Education,Healthcare",,,
abulic.singles,available,70,1%,6,Medicine,,,
acuminate.singles,available,70,1%,9,"Engineering,Medicine,Science",,,
adjusted.singles,available,70,5%,8,"Manufacturing,Retail,Technology",,,
stillborn.singles,available,70,2%,9,"Medicine,Science",,,
practiced.singles,available,70,3%,9,"Education,Health and Fitness,Sports",,,
unity.singles,available,70,40%,5,Mathematics,,,
consequent.singles,available,70,3%,10,"Business,Education,General,Technology",,,
gymnastic.singles,available,70,3%,9,"Entertainment,Sports",,,
offhand.singles,available,70,2%,7,Entertainment,,,
lowdown.singles,available,70,6%,8,"Entertainment,Media",,,
adamantine.singles,available,70,4%,10,Religion,,,
tiptop.singles,available,70,24%,6,Fashion,,,
absorbing.singles,available,70,3%,9,"Entertainment,Media,Technology",,,
skillful.singles,available,70,9%,8,"Education,Health and Fitness,Sports",,,
accumbent.singles,available,70,1%,9,"Healthcare,Medicine,Science",,,
adored.singles,available,70,6%,6,"Entertainment,Fashion,Retail",,,
abradant.singles,available,70,1%,8,"Construction,Manufacturing",,,
recumbent.singles,available,70,2%,9,"Healthcare,Medicine,Science",,,
foursome.singles,available,68,4%,8,Sports,,,
activating.singles,available,68,3%,10,"Healthcare,Manufacturing,Technology",,,
licenced.singles,available,68,2%,8,"Business,Healthcare,Insurance",,,
ane.singles,available,68,12%,3,Mathematics,,,
threesome.singles,available,68,5%,9,Entertainment,,,
decorated.singles,available,68,3%,9,"Entertainment,Fashion,Retail",,,
stygian.singles,available,68,5%,7,Humanities,,,
accredited.singles,available,68,9%,10,"Business,Education,Healthcare",,,
octonary.singles,available,68,1%,8,Mathematics,,,
septenary.singles,available,68,1%,9,Mathematics,,,
achaean.singles,available,68,2%,7,Humanities,,,
vindicated.singles,available,68,2%,10,"Humanities,Law,Politics",,,
abnaki.singles,available,68,1%,6,Geography,,,
licensed.singles,available,68,5%,8,"Business,Healthcare,Insurance",,,
aroused.singles,available,68,3%,7,"Entertainment,Health and Fitness",,,
thirtieth.singles,available,68,1%,9,Mathematics,,,
fortieth.singles,available,68,0%,8,Mathematics,,,
disciple.singles,available,68,14%,8,"Education,Religion",,,
sevener.singles,available,68,1%,7,Mathematics,,,
achaian.singles,available,68,2%,7,Humanities,,,
scurvy.singles,available,68,3%,6,Humanities,,,
ennead.singles,available,68,5%,6,Mathematics,,,
abkhas.singles,available,68,0%,6,Geography,,,
acerate.singles,available,68,1%,7,Science,,,
ablative.singles,available,68,3%,8,Science,,,
aberdonian.singles,available,68,1%,10,Geography,,,
abducent.singles,available,68,0%,8,Medicine,,,
overseas.singles,available,68,12%,8,"Hospitality,Travel",,,
aculeate.singles,available,68,1%,8,"Engineering,Medicine,Science",,,
fiftieth.singles,available,68,0%,8,Mathematics,,,
according.singles,available,66,3%,9,"Business,Education,Technology",,,
xxii.singles,available,66,6%,4,Mathematics,,,
four.singles,available,66,27%,4,Mathematics,,,
fifty.singles,available,66,12%,5,Mathematics,,,
onec.singles,available,66,6%,5,Mathematics,,,
maven.singles,available,66,30%,5,"Entertainment,Fashion,Technology",,,
acappella.singles,available,66,6%,10,Entertainment,,,
adorned.singles,available,66,5%,7,"Entertainment,Fashion,Retail",,,
ninety.singles,available,66,11%,6,Mathematics,,,
acrobatic.singles,available,66,4%,9,"Entertainment,Sports",,,
modish.singles,available,66,5%,6,Fashion,,,
buzzing.singles,available,66,7%,7,"Entertainment,Media,Technology",,,
xxi.singles,available,66,10%,3,Mathematics,,,
century.singles,available,66,17%,7,Education,,,
xxv.singles,available,66,6%,3,Mathematics,,,
xviii.singles,available,66,5%,5,Mathematics,,,
xvi.singles,available,66,5%,3,Mathematics,,,
teenager.singles,available,66,4%,8,"Education,Entertainment,Healthcare",,,
tenner.singles,available,66,5%,6,Finance,,,
deuce.singles,available,66,9%,5,Sports,,,
xxvi.singles,available,66,3%,4,Mathematics,,,
accessary.singles,available,66,1%,9,"Business,Law,Technology",,,
performing.singles,available,66,6%,10,Entertainment,,,
eighty.singles,available,66,6%,6,Mathematics,,,
xiii.singles,available,66,9%,4,Mathematics,,,
acervate.singles,available,66,1%,8,Science,,,
abstinent.singles,available,66,1%,9,"Health and Fitness,Religion",,,
xvii.singles,available,66,5%,4,Mathematics,,,
clv.singles,available,66,10%,3,Mathematics,,,
thirty.singles,available,66,8%,6,Mathematics,,,
exonerated.singles,available,66,2%,10,"Humanities,Law,Politics",,,
adopted.singles,available,66,4%,7,"Education,Healthcare",,,
sextet.singles,available,66,1%,6,Entertainment,,,
xii.singles,available,66,10%,3,Mathematics,,,
six.singles,available,66,26%,3,Mathematics,,,
five.singles,available,66,26%,4,Mathematics,,,
nondrinker.singles,available,64,1%,10,"Health and Fitness,Religion",,,
rising.singles,available,64,18%,6,"Construction,Manufacturing,Real Estate",,,
scatty.singles,available,64,1%,6,"Arts,Entertainment,Media",,,
adagio.singles,available,64,14%,6,Entertainment,,,
astringent.singles,available,64,1%,10,"Healthcare,Pharmaceuticals",,,
acentric.singles,available,64,2%,8,Science,,,
accordant.singles,available,64,3%,9,"Arts,Entertainment",,,
absolved.singles,available,64,1%,8,"Humanities,Law,Religion",,,
ccc.singles,available,64,38%,3,Mathematics,,,
deviant.singles,available,64,12%,7,"Medicine,Science",,,
aflame.singles,available,64,3%,6,Entertainment,,,
accusing.singles,available,62,1%,8,Law,,,
accrued.singles,available,62,2%,7,"Banking,Finance,Insurance",,,
ensuant.singles,available,62,1%,7,"Healthcare,Insurance,Transportation",,,
adoptive.singles,available,62,1%,8,"Education,Healthcare",,,
activation.singles,available,62,16%,10,"Healthcare,Manufacturing,Technology",,,
playacting.singles,available,62,1%,10,Entertainment,,,
nail.singles,available,62,16%,4,"Construction,Fashion,General,Retail",,,
troika.singles,available,62,8%,6,Politics,,,
admissible.singles,available,62,1%,10,"Education,Healthcare,Law",,,
activistic.singles,available,62,1%,10,"Humanities,Politics",,,
orso.singles,available,62,9%,5,"Business,Media,Technology",,,
quartet.singles,available,62,7%,7,"Arts,Entertainment",,,
acidic.singles,available,62,5%,6,"Food and Beverage,Science",,,
eighteenth.singles,available,62,1%,10,Mathematics,,,
sixteenth.singles,available,62,1%,9,Mathematics,,,
twodozen.singles,available,62,1%,9,Mathematics,,,
eleventh.singles,available,62,5%,8,Mathematics,,,
aufait.singles,available,62,3%,7,"Fashion,Media",,,
pungent.singles,available,62,1%,7,Food and Beverage,,,
cumulative.singles,available,62,2%,10,"Banking,Finance,Insurance",,,
longdozen.singles,available,62,2%,10,Mathematics,,,
exculpated.singles,available,62,1%,10,"Humanities,Law,Politics",,,
fortyfour.singles,available,62,6%,10,Mathematics,,,
adjuvant.singles,available,62,5%,8,"Healthcare,Manufacturing,Technology",,,
roughly.singles,available,62,3%,7,"Business,Media,Technology",,,
aborigine.singles,available,62,1%,9,Humanities,,,
abo.singles,available,62,15%,3,Science,,,
chiliad.singles,available,62,2%,7,Mathematics,,,
wrapped.singles,available,62,13%,7,"Fashion,Hospitality,Retail",,,
cxv.singles,available,60,4%,3,Mathematics,,,
clx.singles,available,60,10%,3,Mathematics,,,
aboveboard.singles,available,60,5%,10,"Business,Law",,,
adnexal.singles,available,60,1%,7,"Agriculture,Manufacturing,Retail",,,
clxv.singles,available,60,1%,4,Mathematics,,,
eightysix.singles,available,60,7%,10,Mathematics,,,
idolised.singles,available,60,1%,8,"Entertainment,Fashion,Retail",,,
cxxxv.singles,available,60,2%,5,Mathematics,,,
cxx.singles,available,60,10%,3,Mathematics,,,
cautionary.singles,available,60,1%,10,"Business,Education,Healthcare",,,
thou.singles,available,60,7%,4,Mathematics,,,
paunchy.singles,available,60,0%,7,"Health and Fitness,Medicine",,,
annexal.singles,available,60,1%,7,"Agriculture,Manufacturing,Retail",,,
abstainer.singles,available,60,0%,9,"Health and Fitness,Religion",,,
clxx.singles,available,60,3%,4,Mathematics,,,
acceptive.singles,available,60,1%,9,"Education,Healthcare",,,
clxxv.singles,available,60,1%,5,Mathematics,,,
cxxv.singles,available,60,1%,4,Mathematics,,,
idolized.singles,available,60,3%,8,"Entertainment,Fashion,Retail",,,
cxxx.singles,available,60,4%,4,Mathematics,,,
abashed.singles,available,60,1%,7,Humanities,,,
clxxx.singles,available,60,1%,5,Mathematics,,,
tertiary.singles,available,60,4%,8,Education,,,
sixty.singles,available,60,13%,5,Mathematics,,,
adnate.singles,available,60,1%,6,"Agriculture,Manufacturing,Retail",,,
cxlv.singles,available,60,2%,4,Mathematics,,,
octet.singles,available,60,12%,5,Arts,,,
cxl.singles,available,60,7%,3,Mathematics,,,
xcl.singles,available,60,5%,3,Mathematics,,,
abstemious.singles,available,60,0%,10,"Food and Beverage,Health and Fitness,Hospitality",,,
tercet.singles,available,59,2%,6,"Arts,Entertainment,Media",,,
pentad.singles,available,58,2%,6,Mathematics,,,
abandoned.singles,available,58,10%,9,"Construction,Real Estate",,,
addressed.singles,available,58,3%,9,"Business,Technology,Telecommunications",,,
abuzz.singles,available,58,5%,5,"Entertainment,Media,Technology",,,
addible.singles,available,58,2%,7,"Engineering,Mathematics,Science",,,
cypher.singles,available,58,29%,6,Mathematics,,,
tetrad.singles,available,58,5%,6,Mathematics,,,
acyclic.singles,available,58,4%,7,"Engineering,Mathematics,Science",,,
ache.singles,available,58,7%,4,Healthcare,,,
alacarte.singles,available,58,11%,10,Food and Beverage,,,
seven.singles,available,58,36%,5,Mathematics,,,
lxxviii.singles,available,58,1%,7,Mathematics,,,
offhanded.singles,available,58,1%,9,Entertainment,,,
adient.singles,available,58,4%,6,"Medicine,Science",,,
twelfth.singles,available,58,2%,7,Mathematics,,,
fifth.singles,available,58,12%,5,Mathematics,,,
octad.singles,available,58,5%,5,Mathematics,,,
seventy.singles,available,58,7%,7,Mathematics,,,
super.singles,resell,58,47%,5,Business,24/11/2024 17:05,24/11/2025 17:05,"Sav.com, LLC"
actuarial.singles,available,58,8%,9,"Finance,Insurance,Mathematics",,,
heptad.singles,available,58,1%,6,Mathematics,,,
eighter.singles,available,58,2%,7,Mathematics,,,
lxxx.singles,available,58,2%,4,Mathematics,,,
justabout.singles,available,58,3%,10,"Business,Media,Technology",,,
acetic.singles,available,58,1%,6,"Food and Beverage,Science",,,
closeto.singles,available,58,3%,8,"Business,Media,Technology",,,
adjustive.singles,available,58,1%,9,"Manufacturing,Retail,Technology",,,
centesimal.singles,available,58,1%,10,Mathematics,,,
fourth.singles,available,58,13%,6,Mathematics,,,
enwrapped.singles,available,58,0%,9,"Entertainment,Fashion,Media",,,
abridged.singles,available,58,4%,8,Media,,,
sixtyone.singles,available,58,3%,9,Mathematics,,,
accoutred.singles,available,58,1%,9,"Fashion,Manufacturing,Retail",,,
aucourant.singles,available,58,3%,10,"Fashion,Media",,,
accretive.singles,available,58,6%,9,"Banking,Finance,Insurance",,,
abused.singles,available,58,5%,6,"Healthcare,Law",,,
accented.singles,available,58,3%,8,"Arts,Entertainment",,,
niner.singles,available,58,5%,5,Mathematics,,,
fourscore.singles,available,58,4%,9,Mathematics,,,
sextuplet.singles,available,58,1%,9,Healthcare,,,
adhoc.singles,available,58,24%,6,"Business,Engineering,Technology",,,
quintet.singles,available,58,8%,7,"Arts,Entertainment",,,
linear.singles,available,58,22%,6,"Engineering,Mathematics,Science",,,
sixer.singles,available,58,5%,5,Sports,,,
hexad.singles,available,58,4%,5,Mathematics,,,
abdominous.singles,available,56,0%,10,"Health and Fitness,Medicine",,,
xli.singles,available,56,5%,3,Mathematics,,,
appressed.singles,available,56,0%,9,"Agriculture,Manufacturing,Retail",,,
xxxvii.singles,available,56,2%,6,Mathematics,,,
lviii.singles,available,56,1%,5,Mathematics,,,
lvii.singles,available,56,1%,4,Mathematics,,,
xxxii.singles,available,56,1%,5,Mathematics,,,
xxiii.singles,available,56,5%,5,Mathematics,,,
fiftyfour.singles,available,56,3%,10,Mathematics,,,
ilx.singles,available,56,5%,3,Mathematics,,,
xxxiv.singles,available,56,1%,5,Mathematics,,,
fiftytwo.singles,available,56,6%,9,Mathematics,,,
fortynine.singles,available,56,3%,10,Mathematics,,,
xliv.singles,available,56,2%,4,Mathematics,,,
thirtyone.singles,available,56,5%,10,Mathematics,,,
admissive.singles,available,56,1%,9,"Education,Healthcare,Hospitality",,,
xlvii.singles,available,56,2%,5,Mathematics,,,
terzetto.singles,available,56,3%,8,Arts,,,
fiftyone.singles,available,56,7%,9,Mathematics,,,
halfdozen.singles,available,56,1%,10,Mathematics,,,
fortytwo.singles,available,56,17%,9,Mathematics,,,
xxxiii.singles,available,56,2%,6,Mathematics,,,
xxxviii.singles,available,56,1%,7,Mathematics,,,
xliii.singles,available,56,1%,5,Mathematics,,,
lvi.singles,available,56,8%,3,Mathematics,,,
thirtytwo.singles,available,56,5%,10,Mathematics,,,
accoutered.singles,available,56,0%,10,"Fashion,Manufacturing,Retail",,,
fortyone.singles,available,56,4%,9,Mathematics,,,
admittable.singles,available,56,1%,10,"Education,Healthcare,Hospitality",,,
abeyant.singles,available,56,1%,7,"Business,Law",,,
xxxi.singles,available,56,9%,4,Mathematics,,,
potbellied.singles,available,56,0%,10,"Health and Fitness,Medicine",,,
triad.singles,available,56,15%,5,Arts,,,
thirtysix.singles,available,56,5%,10,Mathematics,,,
xxxvi.singles,available,56,1%,5,Mathematics,,,
liii.singles,available,56,4%,4,Mathematics,,,
fiftynine.singles,available,56,4%,10,Mathematics,,,
xlv.singles,available,56,6%,3,Mathematics,,,
xlii.singles,available,56,5%,4,Mathematics,,,
lii.singles,available,56,7%,3,Mathematics,,,
fortysix.singles,available,56,3%,9,Mathematics,,,
xlviii.singles,available,56,1%,6,Mathematics,,,
maledict.singles,available,56,1%,8,Religion,,,
xxix.singles,available,56,4%,4,Mathematics,,,
addled.singles,available,56,2%,6,Entertainment,,,
admittible.singles,available,56,1%,10,"Education,Healthcare,Hospitality",,,
fiftysix.singles,available,56,4%,9,Mathematics,,,
xxvii.singles,available,56,3%,5,Mathematics,,,
xxviii.singles,available,56,1%,6,Mathematics,,,
xlvi.singles,available,56,3%,4,Mathematics,,,
aone.singles,available,56,15%,5,Food and Beverage,,,
xxxv.singles,available,56,4%,4,Mathematics,,,
fiftyfive.singles,available,56,7%,10,Mathematics,,,
xxiv.singles,available,56,5%,4,Mathematics,,,
adpressed.singles,available,54,0%,9,"Agriculture,Manufacturing,Retail",,,
abatic.singles,available,54,1%,6,Science,,,
abatable.singles,available,54,1%,8,Law,,,
adaxial.singles,available,54,2%,7,Science,,,
sise.singles,available,54,5%,4,Mathematics,,,
threescore.singles,available,54,1%,10,Mathematics,,,
abaxial.singles,available,54,1%,7,Science,,,
accentual.singles,available,54,3%,9,"Arts,Entertainment",,,
abducens.singles,available,54,1%,8,Medicine,,,
deuceace.singles,available,54,2%,9,Sports,,,
twoscore.singles,available,54,2%,8,Mathematics,,,
abhorrent.singles,available,54,1%,9,Humanities,,,
adductive.singles,available,54,0%,9,"Engineering,Mathematics,Science",,,
scratchy.singles,available,54,3%,8,Fashion,,,
quaternity.singles,available,54,4%,10,Mathematics,,,
iii.singles,available,54,24%,3,Mathematics,,,
fin.singles,available,54,30%,3,Finance,,,
ternion.singles,available,54,3%,7,Mathematics,,,
quadruplet.singles,available,54,1%,10,"Healthcare,Medicine,Science",,,
achromatic.singles,available,54,4%,10,Science,,,
unnatural.singles,available,54,4%,9,"Medicine,Science",,,
topnotch.singles,available,54,18%,8,Business,,,
quatern.singles,available,54,2%,7,Mathematics,,,
fortyfive.singles,available,54,4%,10,Mathematics,,,
vii.singles,available,54,13%,3,Mathematics,,,
adducting.singles,available,54,1%,9,"Engineering,Mathematics,Science",,,
quintuplet.singles,available,54,1%,10,"Healthcare,Medicine,Science",,,
actuated.singles,available,54,2%,8,"Automotive,Manufacturing,Technology",,,
achy.singles,available,54,3%,4,Healthcare,,,
aboral.singles,available,54,2%,6,Science,,,
adducent.singles,available,54,1%,8,"Engineering,Mathematics,Science",,,
deserted.singles,available,54,3%,8,"Hospitality,Real Estate",,,
acoustical.singles,available,54,4%,10,Science,,,
monitory.singles,available,54,3%,8,"Business,Education,Healthcare",,,
abasic.singles,available,54,1%,6,Science,,,
abient.singles,available,54,1%,6,Science,,,
quaternion.singles,available,54,6%,10,Mathematics,,,
adjuratory.singles,available,54,0%,10,"Law,Politics,Religion",,,
admonitory.singles,available,54,0%,10,"Business,Education,Healthcare",,,
viii.singles,available,54,6%,4,Mathematics,,,
accursed.singles,available,54,3%,8,"Entertainment,Media,Religion",,,
xxx.singles,available,53,30%,3,"Arts,Entertainment,Media",,,
sestet.singles,available,53,1%,6,Arts,,,
septet.singles,available,53,1%,6,General,,,
lxxxiv.singles,available,52,1%,6,Mathematics,,,
lxxxii.singles,available,52,1%,6,Mathematics,,,
aboulic.singles,available,52,1%,7,Medicine,,,
lxv.singles,available,52,5%,3,Mathematics,,,
repulsive.singles,available,52,1%,9,Humanities,,,
ninetysix.singles,available,52,4%,10,Mathematics,,,
lxviii.singles,available,52,1%,6,Mathematics,,,
lxxvi.singles,available,52,1%,5,Mathematics,,,
eightytwo.singles,available,52,4%,10,Mathematics,,,
lxxv.singles,available,52,1%,4,Mathematics,,,
sixtysix.singles,available,52,4%,9,Mathematics,,,
eightyone.singles,available,52,3%,10,Mathematics,,,
xcviii.singles,available,52,1%,6,Mathematics,,,
ixc.singles,available,52,5%,3,Mathematics,,,
abusive.singles,available,52,3%,7,"Healthcare,Law",,,
lxxii.singles,available,52,1%,5,Mathematics,,,
lxxxi.singles,available,52,1%,5,Mathematics,,,
xciv.singles,available,52,2%,4,Mathematics,,,
lxvii.singles,available,52,1%,5,Mathematics,,,
repugnant.singles,available,52,1%,9,Humanities,,,
sixtytwo.singles,available,52,3%,9,Mathematics,,,
lxxxv.singles,available,52,1%,5,Mathematics,,,
lxxiv.singles,available,52,1%,5,Mathematics,,,
uphill.singles,available,52,7%,6,"Sports,Transportation,Travel",,,
lxxxvi.singles,available,52,1%,6,Mathematics,,,
xciii.singles,available,52,1%,5,Mathematics,,,
lxxiii.singles,available,52,1%,6,Mathematics,,,
lxi.singles,available,52,5%,3,Mathematics,,,
lxiv.singles,available,52,3%,4,Mathematics,,,
ixl.singles,available,52,9%,3,Mathematics,,,
tierce.singles,available,52,3%,6,General,,,
adenoidal.singles,available,52,1%,9,"Health and Fitness,Medicine,Science",,,
sixtyfour.singles,available,52,3%,10,Mathematics,,,
lxvi.singles,available,52,3%,4,Mathematics,,,
odious.singles,available,52,2%,6,"Entertainment,Humanities",,,
xcii.singles,available,52,2%,4,Mathematics,,,
abstruse.singles,available,52,5%,8,"Humanities,Mathematics,Science",,,
abominable.singles,available,52,2%,10,"Entertainment,Humanities",,,
lxxvii.singles,available,52,2%,6,Mathematics,,,
ablated.singles,available,52,1%,7,Science,,,
chagrined.singles,available,52,1%,9,Humanities,,,
xcvi.singles,available,52,2%,4,Mathematics,,,
xci.singles,available,52,4%,3,Mathematics,,,
lxii.singles,available,52,1%,4,Mathematics,,,
detestable.singles,available,52,1%,10,Humanities,,,
abysmal.singles,available,52,4%,7,"Arts,Entertainment,Media",,,
lxiii.singles,available,52,2%,5,Mathematics,,,
xcv.singles,available,52,7%,3,Mathematics,,,
lxxxvii.singles,available,52,1%,7,Mathematics,,,
ninetyone.singles,available,52,5%,10,Mathematics,,,
xcvii.singles,available,52,1%,5,Mathematics,,,
lxxi.singles,available,52,1%,4,Mathematics,,,
decumbent.singles,available,52,1%,9,"Healthcare,Medicine,Science",,,
ninetytwo.singles,available,52,4%,10,Mathematics,,,
littlejoe.singles,available,52,2%,10,"Entertainment,Media",,,
lxxxiii.singles,available,52,1%,7,Mathematics,,,
sixtyfive.singles,available,52,3%,10,Mathematics,,,
abbatial.singles,available,50,0%,8,Religion,,,
scummy.singles,available,50,1%,6,Humanities,,,
acetose.singles,available,50,1%,7,Science,,,
abranchial.singles,available,50,0%,10,Science,,,
adhominem.singles,available,50,2%,10,"Humanities,Law,Politics",,,
acerbic.singles,available,50,2%,7,"Arts,Humanities,Media",,,
acquitted.singles,available,50,1%,9,Law,,,
acaudal.singles,available,50,1%,7,"Agriculture,Science",,,
trine.singles,available,50,11%,5,"General,Religion",,,
broached.singles,available,50,0%,8,Food and Beverage,,,
needlelike.singles,available,50,0%,10,"Engineering,Medicine,Science",,,
acetous.singles,available,50,1%,7,Science,,,
acapnotic.singles,available,50,0%,9,"Healthcare,Medicine,Science",,,
ogdoad.singles,available,50,1%,6,Mathematics,,,
triplet.singles,available,50,8%,7,Science,,,
gillless.singles,available,50,0%,9,Science,,,
abducting.singles,available,50,0%,9,Medicine,,,
abactinal.singles,available,50,0%,9,Science,,,
lxx.singles,available,50,5%,3,Mathematics,,,
acapnic.singles,available,50,0%,7,"Healthcare,Medicine,Science",,,
quint.singles,available,50,13%,5,"Arts,Entertainment",,,
acellular.singles,available,50,1%,9,Science,,,
cinque.singles,available,50,7%,6,Mathematics,,,
abdicable.singles,available,50,0%,9,Law,,,
abomasal.singles,available,50,0%,8,Agriculture,,,
spinous.singles,available,50,1%,7,"Agriculture,Science",,,
acerb.singles,available,50,2%,5,Science,,,
aborticide.singles,available,50,0%,10,Medicine,,,
aculeated.singles,available,50,0%,9,"Engineering,Medicine,Science",,,
vinegary.singles,available,50,1%,8,Food and Beverage,,,
acerose.singles,available,50,1%,7,Science,,,
adactylous.singles,available,50,0%,10,Science,,,
ilxx.singles,available,48,1%,4,Mathematics,,,
lxxxviii.singles,available,48,1%,8,Mathematics,,,
abstracted.singles,available,48,5%,10,"Arts,Humanities,Science",,,
notguilty.singles,available,48,5%,10,Law,,,
abyssal.singles,available,48,12%,7,"Arts,Entertainment,Media",,,
apriori.singles,available,48,13%,8,Mathematics,,,
execrable.singles,available,48,0%,9,"Entertainment,Humanities",,,
ilxxx.singles,available,48,1%,5,Mathematics,,,
acanthoid.singles,available,46,1%,9,"Agriculture,Science",,,
acetabular.singles,available,46,1%,10,Science,,,
acheronian.singles,available,46,1%,10,Humanities,,,
vinegarish.singles,available,46,1%,10,Food and Beverage,,,
acetonic.singles,available,46,1%,8,Science,,,
quaternary.singles,available,46,3%,10,Mathematics,,,
acanthotic.singles,available,46,0%,10,"Agriculture,Science",,,
acetylenic.singles,available,46,1%,10,Science,,,
stripling.singles,available,46,2%,9,"Education,Entertainment,Healthcare",,,
cotyloid.singles,available,46,1%,8,Science,,,
stemless.singles,available,46,2%,8,"Agriculture,Science",,,
achromic.singles,available,46,2%,8,Science,,,
acetylic.singles,available,46,1%,8,Science,,,
acapnial.singles,available,46,0%,8,"Healthcare,Medicine,Science",,,
acarpelous.singles,available,46,0%,10,"Agriculture,Science",,,
achenial.singles,available,46,1%,8,Science,,,
theabsurd.singles,available,46,1%,10,"Arts,Entertainment,Media",,,
acarpous.singles,available,46,0%,8,"Agriculture,Science",,,
acaudate.singles,available,46,1%,8,"Agriculture,Science",,,
acicular.singles,available,46,2%,8,Science,,,
acephalous.singles,available,46,1%,10,Science,,,
acanthous.singles,available,46,0%,9,"Agriculture,Science",,,
achromous.singles,available,46,1%,9,Science,,,
cotyloidal.singles,available,44,1%,10,Science,,,
acherontic.singles,available,44,1%,10,Humanities,,,
accusatory.singles,available,44,1%,10,Law,,,
abscessed.singles,available,41,0%,9,Healthcare,,,
phoebe.singles,available,41,14%,6,Science,,,
accurst.singles,available,40,1%,7,Religion,,,
accusive.singles,available,40,1%,8,Law,,,
scurrilous.singles,available,40,1%,10,"Entertainment,Media,Politics",,,